{"stats":{"minecraft:dropped":{"minecraft:wooden_sword":1},"minecraft:crafted":{"minecraft:oak_planks":24,"minecraft:crafting_table":1,"minecraft:stick":8,"minecraft:wooden_pickaxe":1,"minecraft:stone_pickaxe":1},"minecraft:custom":{"minecraft:time_since_rest":6389,"enigmaticlegacy:play_time_with_seven_curses":15251,"minecraft:sprint_one_cm":46672,"minecraft:damage_taken":646,"minecraft:walk_one_cm":22621,"minecraft:drop":1,"minecraft:damage_dealt":155,"enigmaticlegacy:play_time_without_seven_curses":1171,"minecraft:swim_one_cm":3832,"minecraft:interact_with_crafting_table":3,"minecraft:fly_one_cm":79108,"minecraft:crouch_one_cm":519,"minecraft:play_time":16607,"minecraft:deaths":3,"minecraft:sneak_time":142,"minecraft:walk_under_water_one_cm":661,"minecraft:jump":381,"minecraft:leave_game":1,"minecraft:time_since_death":6317,"minecraft:walk_on_water_one_cm":1626,"minecraft:total_world_time":16607,"minecraft:climb_one_cm":1460,"minecraft:damage_resisted":0,"minecraft:fall_one_cm":10796},"minecraft:mined":{"minecraft:iron_ore":5,"minecraft:coal_ore":28,"minecraft:grass_block":1,"minecraft:oak_log":6,"minecraft:dirt":3,"minecraft:stone":31,"minecraft:oak_leaves":1},"minecraft:picked_up":{"minecraft:raw_iron":7,"apotheosis:gem":3,"minecraft:oak_log":6,"minecraft:dirt":4,"minecraft:coal":40,"minecraft:cobblestone":31},"minecraft:used":{"farmersdelight:ratatouille":1,"minecraft:stone_sword":1,"minecraft:stone_pickaxe":38,"minecraft:wooden_pickaxe":30,"minecraft:wooden_sword":5,"minecraft:cobblestone":1,"minecraft:crafting_table":1},"minecraft:killed_by":{"enemyexpansion:direwolf":1,"irons_spellbooks:necromancer":2}},"DataVersion":3120}