{"stats":{"minecraft:killed":{"minecraft:iron_golem":1,"minecraft:sheep":2,"minecraft:zombie":1,"minecraft:cow":3},"minecraft:dropped":{"minecraft:rotten_flesh":10,"aether:leather_gloves":1,"minecraft:suspicious_stew":1,"minecraft:wooden_sword":1},"minecraft:crafted":{"minecraft:oak_planks":40,"minecraft:crafting_table":2,"minecraft:wooden_pickaxe":1,"minecraft:oak_boat":1,"minecraft:stick":8,"minecraft:stone_pickaxe":1},"minecraft:custom":{"enigmaticlegacy:play_time_with_seven_curses":39175,"lootr:looted_stat":45,"minecraft:mob_kills":7,"enigmaticlegacy:play_time_without_seven_curses":1171,"minecraft:interact_with_crafting_table":4,"minecraft:leave_game":1,"minecraft:time_since_death":17608,"minecraft:sleep_in_bed":2,"minecraft:climb_one_cm":4030,"minecraft:damage_resisted":0,"minecraft:time_since_rest":7892,"minecraft:waystone_activated":1,"minecraft:sprint_one_cm":104585,"minecraft:damage_taken":1497,"minecraft:walk_one_cm":62074,"minecraft:drop":4,"minecraft:damage_dealt":2570,"minecraft:swim_one_cm":25960,"minecraft:talked_to_villager":2,"minecraft:fly_one_cm":157484,"minecraft:crouch_one_cm":1047,"minecraft:play_time":40607,"minecraft:deaths":4,"minecraft:sneak_time":380,"minecraft:walk_under_water_one_cm":4096,"minecraft:boat_one_cm":960,"minecraft:jump":780,"minecraft:interact_with_blast_furnace":1,"minecraft:walk_on_water_one_cm":8061,"minecraft:total_world_time":40607,"minecraft:fall_one_cm":19529},"minecraft:mined":{"minecraft:smithing_table":1,"lootr:lootr_barrel":2,"minecraft:red_bed":1,"minecraft:brewing_stand":1,"minecraft:blast_furnace":1,"minecraft:sponge":1,"minecraft:grass_block":1,"minecraft:dried_kelp_block":30,"minecraft:polished_diorite_stairs":1,"minecraft:iron_ore":5,"minecraft:bookshelf":10,"minecraft:oak_log":10,"minecraft:coal_ore":28,"minecraft:dirt":3,"minecraft:stone":31,"minecraft:oak_leaves":1},"minecraft:picked_up":{"minecraft:sponge":1,"minecraft:leather_leggings":1,"minecraft:leather":4,"minecraft:smithing_table":1,"minecraft:oak_log":10,"minecraft:brewing_stand":1,"minecraft:dirt":4,"minecraft:red_bed":1,"minecraft:armor_stand":1,"minecraft:beef":8,"minecraft:iron_ingot":5,"minecraft:stone_pickaxe":1,"minecraft:poppy":2,"minecraft:book":30,"minecraft:raw_iron":7,"apotheosis:gem":3,"minecraft:stripped_spruce_log":1,"minecraft:blast_furnace":1,"minecraft:barrel":1,"minecraft:leather_helmet":1,"minecraft:stone_sword":1,"minecraft:dried_kelp_block":30,"minecraft:rotten_flesh":1,"minecraft:stone_axe":1,"minecraft:mutton":6,"minecraft:coal":40,"minecraft:white_wool":2,"minecraft:cobblestone":31},"minecraft:killed_by":{"irons_spellbooks:necromancer":2,"enemyexpansion:direwolf":1,"minecraft:iron_golem":1},"minecraft:used":{"minecraft:water_bucket":1,"minecraft:stone_sword":83,"minecraft:stone_pickaxe":39,"minecraft:oak_planks":4,"minecraft:wooden_pickaxe":30,"minecraft:crafting_table":2,"farmersdelight:ratatouille":5,"minecraft:iron_pickaxe":5,"minecraft:iron_helmet":1,"minecraft:stone_axe":23,"minecraft:wooden_sword":5,"minecraft:cobblestone":1,"minecraft:bucket":1,"minecraft:oak_boat":1}},"DataVersion":3120}