{"stats":{"minecraft:custom":{"minecraft:jump":28,"minecraft:time_since_rest":1806,"minecraft:damage_dealt":80,"minecraft:sprint_one_cm":1458,"minecraft:leave_game":2,"minecraft:play_time":1806,"minecraft:time_since_death":1806,"minecraft:walk_one_cm":1407,"minecraft:total_world_time":1806,"minecraft:mob_kills":1,"minecraft:fall_one_cm":627,"minecraft:fly_one_cm":1769},"minecraft:picked_up":{"minecraft:mutton":1,"minecraft:wheat_seeds":2,"minecraft:white_wool":1},"minecraft:mined":{"minecraft:grass":9},"minecraft:killed":{"minecraft:sheep":1}},"DataVersion":3120}