{"stats":{"minecraft:custom":{"minecraft:jump":33,"minecraft:time_since_rest":3308,"minecraft:damage_dealt":80,"minecraft:leave_game":3,"minecraft:play_time":3308,"minecraft:sprint_one_cm":2552,"minecraft:time_since_death":3308,"minecraft:walk_one_cm":2074,"minecraft:sneak_time":48,"minecraft:total_world_time":3308,"minecraft:mob_kills":1,"minecraft:fall_one_cm":836,"minecraft:fly_one_cm":8273},"minecraft:picked_up":{"minecraft:mutton":1,"minecraft:wheat_seeds":2,"minecraft:white_wool":1},"minecraft:mined":{"minecraft:grass":9},"minecraft:killed":{"minecraft:sheep":1}},"DataVersion":3120}