{"stats":{"minecraft:mined":{"minecraft:grass":3,"minecraft:dirt":1,"minecraft:birch_log":14,"minecraft:stone":20,"minecraft:birch_leaves":1},"minecraft:crafted":{"minecraft:furnace":1,"minecraft:birch_planks":28,"minecraft:crafting_table":1,"minecraft:stone_axe":1,"minecraft:stick":16,"minecraft:stone_pickaxe":1,"minecraft:wooden_pickaxe":1},"minecraft:custom":{"minecraft:time_since_rest":9076,"minecraft:interact_with_furnace":2,"minecraft:play_time":9076,"minecraft:sprint_one_cm":15772,"minecraft:walk_one_cm":13373,"minecraft:mob_kills":8,"minecraft:jump":55,"minecraft:damage_dealt":740,"minecraft:leave_game":1,"minecraft:time_since_death":9076,"minecraft:total_world_time":9076,"minecraft:interact_with_crafting_table":5,"minecraft:fall_one_cm":1465,"minecraft:fly_one_cm":7037},"minecraft:picked_up":{"minecraft:birch_log":14,"minecraft:chicken":1,"minecraft:leather":6,"minecraft:wheat_seeds":1,"minecraft:beef":6,"minecraft:porkchop":5,"minecraft:dirt":1,"minecraft:cobblestone":20},"minecraft:used":{"minecraft:stone_axe":18,"minecraft:crafting_table":1,"minecraft:furnace":1,"minecraft:wooden_pickaxe":21},"minecraft:killed":{"minecraft:pig":3,"minecraft:chicken":1,"minecraft:cow":4}},"DataVersion":3120}