{"stats":{"minecraft:dropped":{"minecraft:rotten_flesh":10,"minecraft:wooden_sword":1,"minecraft:suspicious_stew":1},"minecraft:killed":{"minecraft:sheep":2,"minecraft:cow":3},"minecraft:crafted":{"minecraft:oak_boat":1,"minecraft:oak_planks":40,"minecraft:crafting_table":2,"minecraft:stick":8,"minecraft:wooden_pickaxe":1,"minecraft:stone_pickaxe":1},"minecraft:custom":{"minecraft:time_since_rest":5684,"enigmaticlegacy:play_time_with_seven_curses":27175,"lootr:looted_stat":7,"minecraft:sprint_one_cm":98635,"minecraft:damage_taken":1211,"minecraft:walk_one_cm":35653,"minecraft:mob_kills":5,"minecraft:drop":3,"minecraft:damage_dealt":593,"enigmaticlegacy:play_time_without_seven_curses":1171,"minecraft:swim_one_cm":24813,"minecraft:interact_with_crafting_table":4,"minecraft:fly_one_cm":148840,"minecraft:crouch_one_cm":604,"minecraft:play_time":28607,"minecraft:deaths":4,"minecraft:sneak_time":188,"minecraft:walk_under_water_one_cm":3573,"minecraft:boat_one_cm":960,"minecraft:jump":639,"minecraft:leave_game":1,"minecraft:time_since_death":5608,"minecraft:walk_on_water_one_cm":4491,"minecraft:total_world_time":28607,"minecraft:climb_one_cm":3419,"minecraft:damage_resisted":0,"minecraft:fall_one_cm":18250},"minecraft:mined":{"minecraft:iron_ore":5,"minecraft:coal_ore":28,"minecraft:grass_block":1,"minecraft:oak_log":10,"minecraft:dirt":3,"minecraft:stone":31,"minecraft:oak_leaves":1},"minecraft:picked_up":{"minecraft:raw_iron":7,"apotheosis:gem":3,"minecraft:leather_leggings":1,"minecraft:leather":4,"minecraft:oak_log":10,"minecraft:leather_helmet":1,"minecraft:dirt":4,"minecraft:armor_stand":1,"minecraft:beef":8,"minecraft:mutton":6,"minecraft:coal":40,"minecraft:white_wool":2,"minecraft:cobblestone":31},"minecraft:used":{"farmersdelight:ratatouille":3,"minecraft:stone_sword":14,"minecraft:stone_pickaxe":38,"minecraft:iron_helmet":1,"minecraft:wooden_pickaxe":30,"minecraft:wooden_sword":5,"minecraft:cobblestone":1,"minecraft:crafting_table":2,"minecraft:oak_boat":1},"minecraft:killed_by":{"enemyexpansion:direwolf":1,"minecraft:iron_golem":1,"irons_spellbooks:necromancer":2}},"DataVersion":3120}