{"stats":{"minecraft:killed_by":{"minecraft:zombie":1},"minecraft:mined":{"minecraft:crafting_table":1,"minecraft:torch":1,"minecraft:tall_grass":3,"minecraft:copper_ore":1,"minecraft:spruce_leaves":2,"minecraft:iron_ore":12,"minecraft:spruce_log":7,"minecraft:andesite":2,"minecraft:grass":10,"minecraft:deepslate_iron_ore":2,"minecraft:coal_ore":104,"minecraft:rail":33,"minecraft:cobweb":1,"minecraft:stone":63,"minecraft:deepslate":5},"minecraft:used":{"minecraft:cooked_mutton":4,"minecraft:water_bucket":1,"minecraft:stone_sword":60,"minecraft:stone_pickaxe":156,"minecraft:wooden_pickaxe":25,"minecraft:rotten_flesh":7,"minecraft:torch":11,"minecraft:crafting_table":2,"minecraft:white_bed":2,"minecraft:iron_pickaxe":42,"minecraft:stone_axe":23,"minecraft:cobblestone":9,"minecraft:furnace":3,"minecraft:oak_sapling":3,"minecraft:bucket":2,"minecraft:cooked_beef":4},"minecraft:custom":{"minecraft:interact_with_furnace":27,"minecraft:mob_kills":32,"minecraft:interact_with_crafting_table":18,"minecraft:time_since_death":33973,"minecraft:sleep_in_bed":1,"minecraft:time_since_rest":12362,"minecraft:sprint_one_cm":158826,"minecraft:damage_taken":835,"minecraft:walk_one_cm":125237,"minecraft:drop":7,"minecraft:damage_dealt":3726,"minecraft:swim_one_cm":510,"minecraft:fly_one_cm":266055,"minecraft:open_chest":17,"minecraft:crouch_one_cm":2087,"minecraft:play_time":46287,"minecraft:deaths":1,"minecraft:sneak_time":708,"minecraft:walk_under_water_one_cm":19490,"minecraft:jump":1209,"minecraft:walk_on_water_one_cm":13068,"minecraft:total_world_time":46287,"minecraft:fall_one_cm":28900},"minecraft:picked_up":{"minecraft:crafting_table":3,"minecraft:feather":5,"minecraft:chicken":3,"minecraft:andesite":2,"minecraft:leather":9,"minecraft:wooden_pickaxe":1,"minecraft:shield":1,"minecraft:string":5,"minecraft:dirt":2,"minecraft:raw_copper":5,"minecraft:apple":1,"minecraft:wheat_seeds":5,"minecraft:cobbled_deepslate":5,"minecraft:beef":15,"minecraft:stone_pickaxe":1,"minecraft:egg":3,"minecraft:stick":9,"minecraft:raw_iron":17,"minecraft:torch":1,"minecraft:spruce_log":9,"minecraft:spider_eye":2,"minecraft:stone_shovel":1,"minecraft:stone_sword":2,"minecraft:rotten_flesh":9,"minecraft:stone_axe":2,"minecraft:oak_sapling":3,"minecraft:coal":104,"minecraft:mutton":16,"minecraft:rail":33,"minecraft:white_wool":10,"minecraft:cobblestone":86},"minecraft:crafted":{"minecraft:cooked_beef":5,"minecraft:oak_planks":20,"minecraft:crafting_table":2,"minecraft:spruce_planks":20,"minecraft:wooden_pickaxe":1,"minecraft:furnace":3,"minecraft:bucket":1,"minecraft:stone_axe":1,"minecraft:cooked_mutton":6,"minecraft:air":0,"minecraft:shield":2,"minecraft:stick":12,"minecraft:iron_ingot":11,"minecraft:iron_pickaxe":1,"minecraft:stone_pickaxe":2,"minecraft:white_bed":2,"minecraft:torch":44},"minecraft:killed":{"minecraft:rabbit":1,"minecraft:spider":2,"minecraft:sheep":7,"minecraft:zombie":10,"minecraft:chicken":4,"minecraft:cow":5},"minecraft:dropped":{"minecraft:stone_sword":1,"minecraft:cobbled_deepslate":5,"minecraft:cobblestone":14,"minecraft:shield":2,"minecraft:andesite":2,"minecraft:spruce_log":2}},"DataVersion":3120}