{"stats":{"minecraft:mined":{"minecraft:coal_ore":21,"minecraft:iron_ore":3,"minecraft:spruce_log":7,"minecraft:spruce_leaves":2,"minecraft:stone":29},"minecraft:used":{"minecraft:crafting_table":1,"minecraft:stone_pickaxe":33,"minecraft:wooden_pickaxe":20},"minecraft:picked_up":{"minecraft:raw_iron":3,"minecraft:spruce_log":7,"minecraft:coal":20,"minecraft:cobblestone":29},"minecraft:custom":{"minecraft:time_since_rest":4287,"minecraft:play_time":4287,"minecraft:sprint_one_cm":5048,"minecraft:walk_one_cm":7621,"minecraft:jump":67,"minecraft:time_since_death":4287,"minecraft:total_world_time":4287,"minecraft:interact_with_crafting_table":2,"minecraft:fall_one_cm":1254,"minecraft:fly_one_cm":20344},"minecraft:crafted":{"minecraft:crafting_table":1,"minecraft:stone_axe":1,"minecraft:spruce_planks":12,"minecraft:stick":8,"minecraft:wooden_pickaxe":1,"minecraft:stone_pickaxe":1}},"DataVersion":3120}