{"stats":{"minecraft:killed_by":{"minecraft:zombie":1},"minecraft:mined":{"minecraft:iron_ore":3,"minecraft:spruce_log":7,"minecraft:crafting_table":1,"minecraft:grass":3,"minecraft:coal_ore":69,"minecraft:tall_grass":3,"minecraft:spruce_leaves":2,"minecraft:stone":40},"minecraft:used":{"minecraft:cooked_mutton":4,"minecraft:stone_sword":29,"minecraft:stone_pickaxe":87,"minecraft:wooden_pickaxe":25,"minecraft:rotten_flesh":4,"minecraft:stone_axe":23,"minecraft:crafting_table":2,"minecraft:furnace":1},"minecraft:picked_up":{"minecraft:raw_iron":6,"minecraft:stick":3,"minecraft:crafting_table":3,"minecraft:feather":5,"minecraft:chicken":3,"minecraft:leather":7,"minecraft:wooden_pickaxe":1,"minecraft:spruce_log":9,"minecraft:dirt":2,"minecraft:spider_eye":2,"minecraft:string":4,"minecraft:stone_sword":2,"minecraft:rotten_flesh":7,"minecraft:stone_shovel":1,"minecraft:stone_axe":2,"minecraft:wheat_seeds":1,"minecraft:beef":13,"minecraft:stone_pickaxe":1,"minecraft:mutton":13,"minecraft:coal":69,"minecraft:white_wool":8,"minecraft:cobblestone":63,"minecraft:egg":1},"minecraft:custom":{"minecraft:time_since_rest":10028,"minecraft:interact_with_furnace":5,"minecraft:sprint_one_cm":87367,"minecraft:damage_taken":550,"minecraft:walk_one_cm":74851,"minecraft:mob_kills":23,"minecraft:drop":3,"minecraft:damage_dealt":2678,"minecraft:interact_with_crafting_table":5,"minecraft:fly_one_cm":158430,"minecraft:play_time":22287,"minecraft:deaths":1,"minecraft:jump":704,"minecraft:time_since_death":9973,"minecraft:total_world_time":22287,"minecraft:fall_one_cm":13188},"minecraft:crafted":{"minecraft:crafting_table":2,"minecraft:spruce_planks":20,"minecraft:stick":8,"minecraft:wooden_pickaxe":1,"minecraft:stone_pickaxe":2,"minecraft:furnace":1,"minecraft:stone_axe":1,"minecraft:air":0,"minecraft:cooked_mutton":6},"minecraft:killed":{"minecraft:sheep":5,"minecraft:zombie":6,"minecraft:chicken":4,"minecraft:spider":2,"minecraft:cow":4},"minecraft:dropped":{"minecraft:stone_sword":1,"minecraft:cobblestone":14,"minecraft:spruce_log":2}},"DataVersion":3120}