{"stats":{"minecraft:killed_by":{"minecraft:zombie":1},"minecraft:mined":{"minecraft:iron_ore":5,"minecraft:spruce_log":7,"minecraft:crafting_table":1,"minecraft:grass":10,"minecraft:coal_ore":81,"minecraft:copper_ore":1,"minecraft:tall_grass":3,"minecraft:spruce_leaves":2,"minecraft:stone":50},"minecraft:used":{"minecraft:cooked_mutton":4,"minecraft:stone_sword":44,"minecraft:stone_pickaxe":112,"minecraft:wooden_pickaxe":25,"minecraft:rotten_flesh":7,"minecraft:stone_axe":23,"minecraft:cobblestone":9,"minecraft:crafting_table":2,"minecraft:oak_sapling":3,"minecraft:furnace":2,"minecraft:white_bed":2,"minecraft:cooked_beef":1},"minecraft:picked_up":{"minecraft:raw_iron":8,"minecraft:stick":9,"minecraft:crafting_table":3,"minecraft:feather":5,"minecraft:chicken":3,"minecraft:leather":9,"minecraft:wooden_pickaxe":1,"minecraft:shield":1,"minecraft:spruce_log":9,"minecraft:dirt":2,"minecraft:spider_eye":2,"minecraft:string":4,"minecraft:raw_copper":5,"minecraft:stone_sword":2,"minecraft:rotten_flesh":7,"minecraft:stone_shovel":1,"minecraft:apple":1,"minecraft:stone_axe":2,"minecraft:wheat_seeds":5,"minecraft:beef":15,"minecraft:stone_pickaxe":1,"minecraft:oak_sapling":3,"minecraft:mutton":16,"minecraft:coal":81,"minecraft:white_wool":10,"minecraft:cobblestone":73,"minecraft:egg":3},"minecraft:custom":{"minecraft:time_since_rest":362,"minecraft:interact_with_furnace":17,"minecraft:sprint_one_cm":124392,"minecraft:damage_taken":620,"minecraft:walk_one_cm":94862,"minecraft:mob_kills":27,"minecraft:drop":5,"minecraft:damage_dealt":2968,"minecraft:interact_with_crafting_table":14,"minecraft:fly_one_cm":230827,"minecraft:open_chest":13,"minecraft:crouch_one_cm":163,"minecraft:play_time":34287,"minecraft:deaths":1,"minecraft:sneak_time":29,"minecraft:walk_under_water_one_cm":1674,"minecraft:jump":998,"minecraft:walk_on_water_one_cm":5083,"minecraft:time_since_death":21973,"minecraft:sleep_in_bed":1,"minecraft:total_world_time":34287,"minecraft:fall_one_cm":24873},"minecraft:crafted":{"minecraft:cooked_beef":5,"minecraft:oak_planks":20,"minecraft:shield":2,"minecraft:crafting_table":2,"minecraft:spruce_planks":20,"minecraft:stick":8,"minecraft:iron_pickaxe":1,"minecraft:iron_ingot":9,"minecraft:wooden_pickaxe":1,"minecraft:stone_pickaxe":2,"minecraft:white_bed":2,"minecraft:furnace":2,"minecraft:stone_axe":1,"minecraft:air":0,"minecraft:cooked_mutton":6},"minecraft:killed":{"minecraft:sheep":7,"minecraft:zombie":6,"minecraft:chicken":4,"minecraft:rabbit":1,"minecraft:spider":2,"minecraft:cow":5},"minecraft:dropped":{"minecraft:shield":2,"minecraft:stone_sword":1,"minecraft:cobblestone":14,"minecraft:spruce_log":2}},"DataVersion":3120}