{"stats":{"minecraft:killed":{"minecraft:horse":1},"minecraft:custom":{"minecraft:jump":18,"minecraft:time_since_rest":26405,"enigmaticlegacy:play_time_with_seven_curses":0,"minecraft:damage_dealt":180,"minecraft:leave_game":3,"minecraft:sprint_one_cm":758,"minecraft:play_time":26405,"minecraft:time_since_death":26405,"minecraft:walk_one_cm":3632,"minecraft:sneak_time":81,"enigmaticlegacy:play_time_without_seven_curses":26405,"minecraft:total_world_time":26405,"minecraft:mob_kills":1,"minecraft:fall_one_cm":209,"minecraft:fly_one_cm":40071}},"DataVersion":3120}