{"stats":{"minecraft:killed_by":{"minecraft:skeleton":1,"minecraft:creeper":1,"minecraft:zombie":1},"minecraft:mined":{"minecraft:oak_fence":2,"minecraft:crafting_table":1,"minecraft:torch":1,"minecraft:granite":5,"minecraft:tall_grass":3,"minecraft:copper_ore":1,"minecraft:spruce_leaves":2,"minecraft:lapis_ore":6,"minecraft:oak_planks":1,"minecraft:redstone_ore":2,"minecraft:iron_ore":56,"minecraft:spruce_log":7,"minecraft:andesite":2,"minecraft:grass":10,"minecraft:deepslate_iron_ore":2,"minecraft:coal_ore":119,"minecraft:rail":75,"minecraft:cobweb":20,"minecraft:stone":81,"minecraft:deepslate":5},"minecraft:used":{"minecraft:cooked_mutton":5,"minecraft:water_bucket":1,"minecraft:stone_sword":79,"minecraft:stone_pickaxe":201,"minecraft:oak_planks":1,"minecraft:wooden_pickaxe":25,"minecraft:rotten_flesh":7,"minecraft:torch":26,"minecraft:crafting_table":2,"minecraft:white_bed":2,"minecraft:iron_pickaxe":129,"minecraft:stone_axe":25,"minecraft:cobblestone":9,"minecraft:furnace":3,"minecraft:oak_sapling":3,"minecraft:bucket":2,"minecraft:cooked_beef":5},"minecraft:custom":{"minecraft:interact_with_furnace":35,"minecraft:mob_kills":32,"minecraft:interact_with_crafting_table":18,"minecraft:time_since_death":2052,"minecraft:sleep_in_bed":2,"minecraft:time_since_rest":2112,"minecraft:sprint_one_cm":211812,"minecraft:damage_taken":1575,"minecraft:walk_one_cm":186783,"minecraft:drop":7,"minecraft:damage_dealt":3743,"minecraft:swim_one_cm":510,"minecraft:fly_one_cm":283410,"minecraft:open_chest":19,"minecraft:crouch_one_cm":3343,"minecraft:play_time":58287,"minecraft:deaths":3,"minecraft:sneak_time":1160,"minecraft:walk_under_water_one_cm":19490,"minecraft:jump":1322,"minecraft:walk_on_water_one_cm":13068,"minecraft:total_world_time":58287,"minecraft:fall_one_cm":36857},"minecraft:picked_up":{"minecraft:crafting_table":3,"minecraft:feather":5,"minecraft:chicken":3,"minecraft:water_bucket":1,"minecraft:andesite":2,"minecraft:leather":9,"minecraft:wooden_pickaxe":1,"minecraft:shield":1,"minecraft:lapis_lazuli":38,"minecraft:string":24,"minecraft:dirt":2,"minecraft:raw_copper":5,"minecraft:apple":1,"minecraft:wheat_seeds":5,"minecraft:cobbled_deepslate":5,"minecraft:beef":15,"minecraft:stone_pickaxe":1,"minecraft:oak_planks":1,"minecraft:egg":3,"minecraft:stick":9,"minecraft:raw_iron":61,"minecraft:oak_fence":1,"minecraft:torch":1,"minecraft:spruce_log":9,"minecraft:redstone":10,"minecraft:spider_eye":2,"minecraft:stone_shovel":1,"minecraft:stone_sword":2,"minecraft:rotten_flesh":9,"minecraft:stone_axe":3,"minecraft:granite":5,"minecraft:oak_sapling":3,"minecraft:coal":119,"minecraft:mutton":16,"minecraft:rail":82,"minecraft:white_wool":10,"minecraft:cobblestone":104},"minecraft:broken":{"minecraft:stone_pickaxe":1},"minecraft:crafted":{"minecraft:cooked_beef":5,"minecraft:oak_planks":20,"minecraft:crafting_table":2,"minecraft:spruce_planks":20,"minecraft:wooden_pickaxe":1,"minecraft:furnace":3,"minecraft:bucket":1,"minecraft:stone_axe":1,"minecraft:cooked_mutton":6,"minecraft:air":0,"minecraft:shield":2,"minecraft:stick":12,"minecraft:iron_ingot":11,"minecraft:iron_pickaxe":1,"minecraft:stone_pickaxe":2,"minecraft:white_bed":2,"minecraft:torch":44},"minecraft:killed":{"minecraft:rabbit":1,"minecraft:spider":2,"minecraft:sheep":7,"minecraft:zombie":10,"minecraft:chicken":4,"minecraft:cow":5},"minecraft:dropped":{"minecraft:stone_sword":1,"minecraft:cobbled_deepslate":5,"minecraft:cobblestone":14,"minecraft:shield":2,"minecraft:andesite":2,"minecraft:spruce_log":2}},"DataVersion":3120}