{"stats":{"minecraft:killed_by":{"minecraft:zombie":2},"minecraft:mined":{"minecraft:birch_log":5,"minecraft:birch_leaves":4,"minecraft:crafting_table":1,"minecraft:grass":7,"minecraft:grass_block":1,"minecraft:oak_log":24,"minecraft:dirt":1,"minecraft:stone":12,"minecraft:oak_leaves":7},"minecraft:used":{"minecraft:stone_sword":30,"minecraft:chicken":1,"minecraft:chest":1,"minecraft:wooden_pickaxe":12,"minecraft:stone_axe":37,"minecraft:crafting_table":1,"minecraft:cooked_beef":1},"minecraft:custom":{"minecraft:time_since_rest":5994,"minecraft:interact_with_furnace":5,"minecraft:sprint_one_cm":77751,"minecraft:damage_taken":500,"minecraft:walk_one_cm":60502,"minecraft:mob_kills":5,"minecraft:damage_dealt":1171,"minecraft:swim_one_cm":2343,"minecraft:interact_with_crafting_table":4,"minecraft:fly_one_cm":76256,"minecraft:open_chest":2,"minecraft:crouch_one_cm":279,"minecraft:play_time":16231,"minecraft:deaths":2,"minecraft:sneak_time":589,"minecraft:walk_under_water_one_cm":3760,"minecraft:jump":331,"minecraft:walk_on_water_one_cm":732,"minecraft:time_since_death":5925,"minecraft:total_world_time":16231,"minecraft:fall_one_cm":4728},"minecraft:picked_up":{"minecraft:birch_log":5,"minecraft:stick":1,"minecraft:crafting_table":1,"minecraft:feather":1,"minecraft:chicken":1,"minecraft:leather":2,"minecraft:oak_log":23,"minecraft:spruce_log":2,"minecraft:dirt":2,"minecraft:stone_sword":1,"minecraft:beef":5,"minecraft:oak_sapling":1,"minecraft:mutton":1,"minecraft:white_wool":1,"minecraft:cobblestone":26},"minecraft:crafted":{"minecraft:cooked_beef":5,"minecraft:stone_shovel":1,"minecraft:crafting_table":1,"minecraft:spruce_planks":8,"minecraft:stick":16,"minecraft:wooden_pickaxe":1,"minecraft:stone_pickaxe":2,"minecraft:stone_sword":3,"minecraft:chest":1,"minecraft:birch_planks":20,"minecraft:stone_axe":2},"minecraft:killed":{"minecraft:zombie":4,"minecraft:creeper":1,"minecraft:cow":2}},"DataVersion":3120}