{"stats":{"minecraft:killed_by":{"minecraft:zombie":2},"minecraft:mined":{"minecraft:kelp_plant":58,"minecraft:crafting_table":1,"minecraft:glow_lichen":1,"minecraft:grass_block":3,"minecraft:copper_ore":24,"minecraft:tall_grass":21,"minecraft:kelp":2,"minecraft:diorite":7,"minecraft:seagrass":1,"minecraft:tall_seagrass":4,"minecraft:birch_log":5,"minecraft:iron_ore":11,"minecraft:andesite":2,"minecraft:birch_leaves":4,"minecraft:grass":81,"minecraft:oak_log":36,"minecraft:coal_ore":24,"minecraft:rail":49,"minecraft:dirt":1,"minecraft:stone":26,"minecraft:oak_leaves":8},"minecraft:used":{"minecraft:water_bucket":2,"minecraft:diorite":1,"minecraft:stone_sword":63,"minecraft:stone_pickaxe":131,"minecraft:dried_kelp":4,"minecraft:oak_planks":46,"minecraft:shield":8,"minecraft:chest":1,"minecraft:wooden_pickaxe":12,"minecraft:torch":84,"minecraft:dirt":8,"minecraft:crafting_table":1,"minecraft:chicken":1,"minecraft:stone_axe":50,"minecraft:oak_sapling":1,"minecraft:furnace":1,"minecraft:bucket":3,"minecraft:cooked_beef":5},"minecraft:custom":{"minecraft:interact_with_furnace":42,"minecraft:mob_kills":12,"minecraft:interact_with_crafting_table":15,"minecraft:time_since_death":41925,"minecraft:sleep_in_bed":1,"minecraft:time_since_rest":24362,"minecraft:sprint_one_cm":140991,"minecraft:damage_taken":950,"minecraft:walk_one_cm":218633,"minecraft:damage_blocked_by_shield":255,"minecraft:drop":9,"minecraft:damage_dealt":2478,"minecraft:swim_one_cm":53886,"minecraft:fly_one_cm":127941,"minecraft:open_chest":17,"minecraft:crouch_one_cm":737,"minecraft:play_time":52231,"minecraft:deaths":2,"minecraft:sneak_time":888,"minecraft:walk_under_water_one_cm":9269,"minecraft:jump":777,"minecraft:walk_on_water_one_cm":5781,"minecraft:total_world_time":52231,"minecraft:fall_one_cm":10229},"minecraft:picked_up":{"minecraft:birch_log":5,"minecraft:crafting_table":1,"minecraft:feather":1,"minecraft:chicken":1,"minecraft:andesite":2,"minecraft:leather":2,"minecraft:oak_log":35,"minecraft:shield":1,"minecraft:string":2,"minecraft:dirt":16,"minecraft:raw_copper":79,"minecraft:bone":2,"minecraft:kelp":410,"minecraft:wheat_seeds":13,"minecraft:beef":5,"minecraft:stick":1,"minecraft:raw_iron":11,"minecraft:diorite":7,"minecraft:spruce_log":2,"minecraft:stone_sword":1,"minecraft:arrow":2,"minecraft:rotten_flesh":7,"minecraft:oak_sapling":3,"minecraft:mutton":1,"minecraft:coal":24,"minecraft:rail":54,"minecraft:white_wool":1,"minecraft:cobblestone":43},"minecraft:broken":{"minecraft:stone_pickaxe":1},"minecraft:crafted":{"minecraft:cooked_beef":10,"minecraft:oak_planks":60,"minecraft:stone_shovel":1,"minecraft:crafting_table":1,"minecraft:spruce_planks":8,"minecraft:dried_kelp":242,"minecraft:wooden_pickaxe":1,"minecraft:furnace":1,"minecraft:bucket":1,"minecraft:birch_planks":20,"minecraft:stone_axe":2,"minecraft:air":0,"minecraft:charcoal":8,"minecraft:stick":44,"minecraft:stone_pickaxe":2,"minecraft:stone_sword":3,"minecraft:chest":1,"minecraft:dried_kelp_block":26,"minecraft:torch":84,"minecraft:stone_hoe":1},"minecraft:killed":{"minecraft:spider":1,"minecraft:creeper":1,"minecraft:skeleton":1,"minecraft:zombie":9,"minecraft:cow":2},"minecraft:dropped":{"minecraft:water_bucket":1,"minecraft:stone_axe":1,"minecraft:rail":12}},"DataVersion":3120}