{"stats":{"minecraft:killed_by":{"minecraft:zombie":2},"minecraft:mined":{"minecraft:kelp_plant":58,"minecraft:crafting_table":1,"minecraft:grass_block":3,"minecraft:copper_ore":15,"minecraft:tall_grass":21,"minecraft:kelp":2,"minecraft:diorite":5,"minecraft:seagrass":1,"minecraft:tall_seagrass":4,"minecraft:birch_log":5,"minecraft:iron_ore":4,"minecraft:andesite":2,"minecraft:birch_leaves":4,"minecraft:grass":81,"minecraft:oak_log":36,"minecraft:coal_ore":24,"minecraft:dirt":1,"minecraft:stone":17,"minecraft:oak_leaves":8},"minecraft:used":{"minecraft:water_bucket":2,"minecraft:stone_sword":39,"minecraft:stone_pickaxe":55,"minecraft:oak_planks":1,"minecraft:shield":3,"minecraft:chest":1,"minecraft:wooden_pickaxe":12,"minecraft:torch":38,"minecraft:crafting_table":1,"minecraft:chicken":1,"minecraft:stone_axe":50,"minecraft:oak_sapling":1,"minecraft:furnace":1,"minecraft:bucket":3,"minecraft:cooked_beef":3},"minecraft:custom":{"minecraft:interact_with_furnace":33,"minecraft:mob_kills":7,"minecraft:interact_with_crafting_table":14,"minecraft:time_since_death":29925,"minecraft:sleep_in_bed":1,"minecraft:time_since_rest":12362,"minecraft:sprint_one_cm":125313,"minecraft:damage_taken":645,"minecraft:walk_one_cm":149276,"minecraft:damage_blocked_by_shield":60,"minecraft:damage_dealt":1510,"minecraft:swim_one_cm":53886,"minecraft:fly_one_cm":120629,"minecraft:open_chest":15,"minecraft:crouch_one_cm":412,"minecraft:play_time":40231,"minecraft:deaths":2,"minecraft:sneak_time":698,"minecraft:walk_under_water_one_cm":9269,"minecraft:jump":581,"minecraft:walk_on_water_one_cm":5781,"minecraft:total_world_time":40231,"minecraft:fall_one_cm":9061},"minecraft:picked_up":{"minecraft:birch_log":5,"minecraft:crafting_table":1,"minecraft:feather":1,"minecraft:chicken":1,"minecraft:andesite":2,"minecraft:leather":2,"minecraft:oak_log":35,"minecraft:shield":1,"minecraft:string":2,"minecraft:dirt":4,"minecraft:raw_copper":50,"minecraft:kelp":410,"minecraft:wheat_seeds":13,"minecraft:beef":5,"minecraft:stick":1,"minecraft:raw_iron":4,"minecraft:diorite":5,"minecraft:spruce_log":2,"minecraft:stone_sword":1,"minecraft:rotten_flesh":1,"minecraft:oak_sapling":3,"minecraft:mutton":1,"minecraft:coal":24,"minecraft:white_wool":1,"minecraft:cobblestone":31},"minecraft:crafted":{"minecraft:cooked_beef":10,"minecraft:oak_planks":60,"minecraft:stone_shovel":1,"minecraft:crafting_table":1,"minecraft:spruce_planks":8,"minecraft:dried_kelp":94,"minecraft:wooden_pickaxe":1,"minecraft:furnace":1,"minecraft:bucket":1,"minecraft:birch_planks":20,"minecraft:stone_axe":2,"minecraft:air":0,"minecraft:charcoal":8,"minecraft:stick":44,"minecraft:stone_pickaxe":2,"minecraft:stone_sword":3,"minecraft:chest":1,"minecraft:dried_kelp_block":10,"minecraft:torch":84,"minecraft:stone_hoe":1},"minecraft:killed":{"minecraft:spider":1,"minecraft:creeper":1,"minecraft:zombie":5,"minecraft:cow":2}},"DataVersion":3120}