{"stats":{"minecraft:killed_by":{"minecraft:zombie":2},"minecraft:mined":{"minecraft:seagrass":1,"minecraft:tall_seagrass":4,"minecraft:iron_ore":4,"minecraft:kelp_plant":58,"minecraft:birch_log":5,"minecraft:birch_leaves":4,"minecraft:crafting_table":1,"minecraft:grass":81,"minecraft:coal_ore":1,"minecraft:grass_block":3,"minecraft:oak_log":36,"minecraft:dirt":1,"minecraft:tall_grass":21,"minecraft:copper_ore":4,"minecraft:stone":16,"minecraft:kelp":2,"minecraft:diorite":1,"minecraft:oak_leaves":8},"minecraft:used":{"minecraft:stone_sword":30,"minecraft:chicken":1,"minecraft:stone_pickaxe":14,"minecraft:oak_planks":1,"minecraft:chest":1,"minecraft:wooden_pickaxe":12,"minecraft:torch":11,"minecraft:stone_axe":50,"minecraft:crafting_table":1,"minecraft:oak_sapling":1,"minecraft:cooked_beef":2},"minecraft:custom":{"minecraft:time_since_rest":362,"minecraft:interact_with_furnace":15,"minecraft:sprint_one_cm":105130,"minecraft:damage_taken":580,"minecraft:walk_one_cm":90530,"minecraft:mob_kills":5,"minecraft:damage_dealt":1171,"minecraft:swim_one_cm":53886,"minecraft:interact_with_crafting_table":8,"minecraft:fly_one_cm":110701,"minecraft:open_chest":9,"minecraft:crouch_one_cm":412,"minecraft:play_time":28231,"minecraft:deaths":2,"minecraft:sneak_time":698,"minecraft:walk_under_water_one_cm":9269,"minecraft:jump":493,"minecraft:walk_on_water_one_cm":5243,"minecraft:time_since_death":17925,"minecraft:sleep_in_bed":1,"minecraft:total_world_time":28231,"minecraft:fall_one_cm":7838},"minecraft:picked_up":{"minecraft:birch_log":5,"minecraft:raw_iron":4,"minecraft:stick":1,"minecraft:crafting_table":1,"minecraft:feather":1,"minecraft:chicken":1,"minecraft:leather":2,"minecraft:oak_log":35,"minecraft:shield":1,"minecraft:diorite":1,"minecraft:spruce_log":2,"minecraft:dirt":4,"minecraft:raw_copper":15,"minecraft:stone_sword":1,"minecraft:kelp":410,"minecraft:wheat_seeds":13,"minecraft:beef":5,"minecraft:oak_sapling":1,"minecraft:coal":1,"minecraft:mutton":1,"minecraft:white_wool":1,"minecraft:cobblestone":30},"minecraft:crafted":{"minecraft:cooked_beef":10,"minecraft:oak_planks":60,"minecraft:stone_shovel":1,"minecraft:charcoal":8,"minecraft:crafting_table":1,"minecraft:spruce_planks":8,"minecraft:stick":28,"minecraft:dried_kelp":18,"minecraft:wooden_pickaxe":1,"minecraft:stone_pickaxe":2,"minecraft:stone_sword":3,"minecraft:chest":1,"minecraft:dried_kelp_block":2,"minecraft:torch":20,"minecraft:stone_hoe":1,"minecraft:birch_planks":20,"minecraft:stone_axe":2,"minecraft:air":0},"minecraft:killed":{"minecraft:zombie":4,"minecraft:creeper":1,"minecraft:cow":2}},"DataVersion":3120}